classifier,kappa,acc,f1,hamming,precision,recall
Naive Bayes,0.6698036711283315,0.7477378790834471,0.7586376580153489,0.25226212091655287,0.7915419206784897,0.7477378790834471
QDA,0.6362662805340235,0.7251992016926516,0.6916795205312153,0.2748007983073483,0.6855515575875544,0.7251992016926516
Decision Tree,0.7637249984907961,0.8316801968757972,0.80277913756712,0.1683198031242028,0.8152192726916586,0.8316801968757972
