classifier,kappa,acc,f1,hamming,precision,recall
Random Forest,0.7361250377571629,0.8138683393106346,0.7696351627164123,0.1861316606893654,0.7537463091647721,0.8138683393106346
Multi-layer Perceptron,0.7073559420950616,0.7944508635824793,0.7424470077576039,0.20554913641752073,0.7128806421021874,0.7944508635824793
AdaBoost,0.695796169175223,0.7729475848201558,0.7692691413706575,0.22705241517984423,0.7858328651681136,0.7729475848201558
